{"parts":{"glass":{"enable":true,"frameCount":24,"height":146,"hotlink_enable":false,"position":{"positionX":[{"index":43,"x":150.80,"y":43.79}],"positionY":[]},"positionRelationType":1,"positionType":1,"rotateCenter":[{"index":46,"x":150.63,"y":90.23}],"scale":{"scaleX":{"pointA":[{"index":74,"x":105.75,"y":45.91}],"pointB":[{"index":77,"x":195.75,"y":46.09}]},"scaleY":{"pointA":[],"pointB":[]}},"triggerDelay":0,"triggerLoop":0,"triggerStop":false,"triggerType":0,"width":300,"zPosition":1},"maozi":{"enable":true,"frameCount":3,"height":500,"hotlink_enable":false,"position":{"positionX":[{"index":46,"x":209.92,"y":441.17}],"positionY":[]},"positionRelationType":1,"positionType":1,"rotateCenter":[{"index":46,"x":209.92,"y":441.17}],"scale":{"scaleX":{"pointA":[{"index":74,"x":135.12,"y":367.29}],"pointB":[{"index":77,"x":285.12,"y":367.60}]},"scaleY":{"pointA":[],"pointB":[]}},"triggerDelay":0,"triggerLoop":0,"triggerStop":false,"triggerType":0,"width":500,"zPosition":0},"xianglian":{"enable":true,"frameCount":4,"height":250,"hotlink_enable":false,"position":{"positionX":[{"index":74,"x":86.74,"y":-185.93},{"index":77,"x":206.23,"y":-185.68}],"positionY":[]},"positionRelationType":1,"positionType":4,"rotateCenter":[{"index":46,"x":146.32,"y":-127.08}],"scale":{"scaleX":{"pointA":[{"index":74,"x":86.74,"y":-185.93}],"pointB":[{"index":77,"x":206.23,"y":-185.68}]},"scaleY":{"pointA":[],"pointB":[]}},"triggerDelay":0,"triggerLoop":0,"triggerStop":false,"triggerType":0,"width":300,"zPosition":2},"zi":{"enable":true,"frameCount":18,"height":296,"hotlink_enable":false,"position":{"positionX":[{"index":43,"x":239.68,"y":322.03}],"positionY":[]},"positionRelationType":1,"positionType":1,"rotateCenter":[{"index":46,"x":239.47,"y":378.73}],"scale":{"scaleX":{"pointA":[{"index":74,"x":184.69,"y":324.61}],"pointB":[{"index":77,"x":294.56,"y":324.84}]},"scaleY":{"pointA":[],"pointB":[]}},"triggerDelay":0,"triggerLoop":0,"triggerStop":false,"triggerType":0,"width":400,"zPosition":3}},"stickerType":"2D","version":"1.1"}