{"version":"2.0","stickerType":"3Dv2","parts3d":{"metaScenePath":"_metascene","modelList":[{"name":"GZmaozi_01","positionType":"FACE","transformTrack":{"translation":true,"rotation":true,"scale":true},"showupTrigger":{"triggerType":0,"triggerDelay":0,"displayFrames":0,"triggerStop":false},"fileName":"_metascene/Models/GZmaozi/GZmaozi_01.fbx","textureSubPath":"_metascene/Models/GZmaozi/tex","materialFile":""}],"particleList":[],"lights":{"enable":false,"envLight":[0.9926,0.9926,0.9926],"light0":{"position":[0.0,6.3700,6.8500],"diffuse":[1.0,1.0,1.0],"specular":[1.0,1.0,1.0]},"light1":{"position":[-4.0,1.1830,-3.3500],"diffuse":[0.5,0.5,0.5],"specular":[0.5,0.5,0.5]},"light2":{"position":[4.6000,1.5,-3.3700],"diffuse":[0.5,0.5,0.5],"specular":[0.5,0.5,0.5]}},"cubeMapSubPath":"","skyboxMapSubPath":""}}